{"mask loss":38.29038619995117,"train":35.17397689819336,"_runtime":9,"eval":35.06494903564453,"_wandb":{"runtime":9},"_timestamp":1.761392167060784e+09,"mask value":6.168395042419434,"obs loss":33.92741012573242,"_step":0}