{"mask value":6.319352149963379,"train":36.99262237548828,"obs loss":35.69084167480469,"eval":36.864295959472656,"mask loss":40.2470817565918,"_step":0,"_runtime":9,"_timestamp":1.7613898305640562e+09,"_wandb":{"runtime":9}}